number,title,author,category,source_visual_page,source_insights_page,hires_png,web_image
1,The 7 Habits of Highly Effective People,Stephen R. Covey,Mindset & Growth,7,8,hires_png/ayvede-infographic-01.png,web_images/ayvede-infographic-01.webp
2,Emotional Intelligence,Daniel Goleman,Communication & Relationships,9,10,hires_png/ayvede-infographic-02.png,web_images/ayvede-infographic-02.webp
3,The 80/20 Principle,Richard Koch,Productivity & Execution,11,12,hires_png/ayvede-infographic-03.png,web_images/ayvede-infographic-03.webp
4,How to Talk to Anyone,Leil Lowndes,Communication & Relationships,13,14,hires_png/ayvede-infographic-04.png,web_images/ayvede-infographic-04.webp
5,"Thinking, Fast and Slow",Daniel Kahneman,Mindset & Growth,15,16,hires_png/ayvede-infographic-05.png,web_images/ayvede-infographic-05.webp
6,13 Things Mentally Strong People Don't Do,Amy Morin,Mindset & Growth,17,18,hires_png/ayvede-infographic-06.png,web_images/ayvede-infographic-06.webp
7,How to Stop Worrying and Start Living,Dale Carnegie,"Purpose, Meaning & Wellbeing",19,20,hires_png/ayvede-infographic-07.png,web_images/ayvede-infographic-07.webp
8,The 5 Love Languages,Gary D. Chapman,Communication & Relationships,21,22,hires_png/ayvede-infographic-08.png,web_images/ayvede-infographic-08.webp
9,Ikigai,"Héctor García, Francesc Miralles","Purpose, Meaning & Wellbeing",23,24,hires_png/ayvede-infographic-09.png,web_images/ayvede-infographic-09.webp
10,12 Rules for Life,Jordan B. Peterson,Mindset & Growth,25,26,hires_png/ayvede-infographic-10.png,web_images/ayvede-infographic-10.webp
11,The Happiness Hypothesis,Jonathan Haidt,"Purpose, Meaning & Wellbeing",27,28,hires_png/ayvede-infographic-11.png,web_images/ayvede-infographic-11.webp
12,Talking to Strangers,Malcolm Gladwell,Communication & Relationships,29,30,hires_png/ayvede-infographic-12.png,web_images/ayvede-infographic-12.webp
13,Steal Like an Artist,Austin Kleon,"Purpose, Meaning & Wellbeing",31,32,hires_png/ayvede-infographic-13.png,web_images/ayvede-infographic-13.webp
14,Thinking in Systems,"Donella H. Meadows, Diana Wright",Leadership & Teams,33,34,hires_png/ayvede-infographic-14.png,web_images/ayvede-infographic-14.webp
15,Scrum,"Chris Sims, Hillary Louise Johnson",Productivity & Execution,35,36,hires_png/ayvede-infographic-15.png,web_images/ayvede-infographic-15.webp
16,Start with No,Jim Camp,Leadership & Teams,37,38,hires_png/ayvede-infographic-16.png,web_images/ayvede-infographic-16.webp
17,Atomic Habits,James Clear,Habits & Daily Systems,39,40,hires_png/ayvede-infographic-17.png,web_images/ayvede-infographic-17.webp
18,Boundaries,"Dr. Henry Cloud, Dr. John Townsend",Communication & Relationships,41,42,hires_png/ayvede-infographic-18.png,web_images/ayvede-infographic-18.webp
19,The 5-Second Rule,Mel Robbins,Habits & Daily Systems,43,44,hires_png/ayvede-infographic-19.png,web_images/ayvede-infographic-19.webp
20,The Healthy Mind Toolkit,"Alice Boyes, PhD",Mindset & Growth,45,46,hires_png/ayvede-infographic-20.png,web_images/ayvede-infographic-20.webp
21,The Miracle Morning,Hal Elrod,Habits & Daily Systems,47,48,hires_png/ayvede-infographic-21.png,web_images/ayvede-infographic-21.webp
22,Influence,"Robert B. Cialdini, PhD",Communication & Relationships,49,50,hires_png/ayvede-infographic-22.png,web_images/ayvede-infographic-22.webp
23,The Subtle Art of Not Giving a F*ck,Mark Manson,"Purpose, Meaning & Wellbeing",51,52,hires_png/ayvede-infographic-23.png,web_images/ayvede-infographic-23.webp
24,Creative Confidence,"Tom Kelley, David Kelley",Leadership & Teams,53,54,hires_png/ayvede-infographic-24.png,web_images/ayvede-infographic-24.webp
25,Why We Sleep,Matthew Walker,Habits & Daily Systems,55,56,hires_png/ayvede-infographic-25.png,web_images/ayvede-infographic-25.webp
26,Mini Habits,Stephen Guise,Habits & Daily Systems,57,58,hires_png/ayvede-infographic-26.png,web_images/ayvede-infographic-26.webp
27,The Life-Changing Magic of Tidying Up,Marie Kondō,Habits & Daily Systems,59,60,hires_png/ayvede-infographic-27.png,web_images/ayvede-infographic-27.webp
28,The 10X Rule,Grant Cardone,Mindset & Growth,61,62,hires_png/ayvede-infographic-28.png,web_images/ayvede-infographic-28.webp
29,"Creativity, Inc.","Ed Catmull, Amy Wallace",Leadership & Teams,63,64,hires_png/ayvede-infographic-29.png,web_images/ayvede-infographic-29.webp
30,The One Thing,"Gary Keller, Jay Papasan",Productivity & Execution,65,66,hires_png/ayvede-infographic-30.png,web_images/ayvede-infographic-30.webp
31,How to Stop Procrastinating,S.J. Scott,Productivity & Execution,67,68,hires_png/ayvede-infographic-31.png,web_images/ayvede-infographic-31.webp
32,What the Most Successful People Do Before Breakfast,Laura Vanderkam,Habits & Daily Systems,69,70,hires_png/ayvede-infographic-32.png,web_images/ayvede-infographic-32.webp
33,Make Your Bed,Admiral William H. McRaven,Habits & Daily Systems,71,72,hires_png/ayvede-infographic-33.png,web_images/ayvede-infographic-33.webp
34,The Willpower Instinct,"Kelly McGonigal, Ph.D.",Habits & Daily Systems,73,74,hires_png/ayvede-infographic-34.png,web_images/ayvede-infographic-34.webp
35,15 Secrets Successful People Know About Time Management,Kevin Kruse,Productivity & Execution,75,76,hires_png/ayvede-infographic-35.png,web_images/ayvede-infographic-35.webp
36,The 5 AM Club,Robin Sharma,Habits & Daily Systems,77,78,hires_png/ayvede-infographic-36.png,web_images/ayvede-infographic-36.webp
37,Eat That Frog!,Brian Tracy,Productivity & Execution,79,80,hires_png/ayvede-infographic-37.png,web_images/ayvede-infographic-37.webp
38,Declutter Your Mind,"S.J. Scott, Barrie Davenport","Purpose, Meaning & Wellbeing",81,82,hires_png/ayvede-infographic-38.png,web_images/ayvede-infographic-38.webp
39,Limitless,Jim Kwik,Mindset & Growth,83,84,hires_png/ayvede-infographic-39.png,web_images/ayvede-infographic-39.webp
40,Getting Things Done,David Allen,Productivity & Execution,85,86,hires_png/ayvede-infographic-40.png,web_images/ayvede-infographic-40.webp
41,Deep Work,Cal Newport,Productivity & Execution,87,88,hires_png/ayvede-infographic-41.png,web_images/ayvede-infographic-41.webp
42,Don't Overthink It,Anne Bogel,"Purpose, Meaning & Wellbeing",89,90,hires_png/ayvede-infographic-42.png,web_images/ayvede-infographic-42.webp
43,Do the Work,Steven Pressfield,Productivity & Execution,91,92,hires_png/ayvede-infographic-43.png,web_images/ayvede-infographic-43.webp
44,Everything is Figureoutable,Marie Forleo,Mindset & Growth,93,94,hires_png/ayvede-infographic-44.png,web_images/ayvede-infographic-44.webp
45,Feeling Good,"David D. Burns, M.D.","Purpose, Meaning & Wellbeing",95,96,hires_png/ayvede-infographic-45.png,web_images/ayvede-infographic-45.webp
46,You Are a Badass at Making Money,Jen Sincero,Mindset & Growth,97,98,hires_png/ayvede-infographic-46.png,web_images/ayvede-infographic-46.webp
47,Unlimited Memory,Grandmaster Kevin Horsley,Mindset & Growth,99,100,hires_png/ayvede-infographic-47.png,web_images/ayvede-infographic-47.webp
48,Principles,Raymond Dalio,Leadership & Teams,101,102,hires_png/ayvede-infographic-48.png,web_images/ayvede-infographic-48.webp
49,5 Dysfunctions of a Team,Patrick Lencioni,Leadership & Teams,103,104,hires_png/ayvede-infographic-49.png,web_images/ayvede-infographic-49.webp
50,Mindful Relationship Habits,S.J.Scott & Barrie Davenport,Communication & Relationships,105,106,hires_png/ayvede-infographic-50.png,web_images/ayvede-infographic-50.webp
